trust_name,hosp_site,scheme
Airedale NHS Foundation Trust,Airedale,RCF
Frimley Health NHS Foundation Trust,Frimley,RDU
North West Anglia NHS Foundation Trust,Hinchingbrooke,RGN
James Paget University Hospital NHS Trust,James Paget,RGP
Queen Elizabeth Hospital Kings Lynn NHS Trust,Kings Lynn,RCX
Mid Cheshire Hospital NHS Trust,Leighton,RBT
Hampshire Hospitals NHS Foundation Trust,Hampshire,RN5
The Hillingdon Hospitals NHS Foundation Trust,Hillingdon,RAS
The Princess Alexandra Hospital NHS Trust,PAH,RQW
West Hertfordshire Teaching Hospitals NHS Trust,Watford,RWG
Barts Health NHS Trust,Whipps Cross,R1H
Hampshire Hospitals NHS Foundation Trust,Hampshire,RN5
University Hospitals of Leicester NHS Trust,Leicester,RWE
Epsom and St Helier University Hospitals NHS Trust,Epsom,RVR
Kettering General Hospital NHS Foundation Trust,Kettering,RNQ
Somerset NHS Foundation Trust,Somerset,RH5
Torbay and South Devon NHS Foundation Trust,Torbay,RA9
Manchester University NHS Foundation Trust,North Manchester,R0A
East Sussex Healthcare NHS Trust,East Sussex,RXC
University Hospitals of Morecambe Bay NHS Foundation Trust,Royal Lancaster Infirmary,RTX
Royal Devon University Healthcare NHS Foundation Trust,North Devon,RH8
Royal Berkshire NHS Foundation Trust,Royal Berkshire,RHW
Lancashire Teaching Hospitals NHS Foundation Trust,Royal Preston,RXN
Imperial College Healthcare NHS Trust,St Marys,RYJ
Imperial College Healthcare NHS Trust,Charing Cross,RYJ
Imperial College Healthcare NHS Trust,Hammersmith,RYJ
Nottingham University Hospitals NHS Trust,Nottingham,RX1
West Suffolk NHS Foundation Trust,West Suffolk,RGR
